Brand,Type,Count
Nissin,Bowl,75
Nissin,Cup,177
Nissin,Pack,134
Nissin,Tray,27
Nissin Total,,413
Nongshim,Bowl,32
Nongshim,Cup,20
Nongshim,Pack,50
Nongshim,Tray,2
Nongshim Total,,104
Mama,Bowl,6
Mama,Cup,22
Mama,Pack,70
Mama Total,,98
Maruchan,Bowl,25
Maruchan,Cup,21
Maruchan,Pack,28
Maruchan,Tray,14
Maruchan Total,,88
Myojo,Bowl,27
Myojo,Cup,1
Myojo,Pack,37
Myojo,Tray,11
Myojo Total,,76
Paldo,Bowl,17
Paldo,Cup,10
Paldo,Pack,37
Paldo,Tray,5
Paldo Total,,69
Samyang Foods,Bowl,18
Samyang Foods,Cup,8
Samyang Foods,Pack,39
Samyang Foods Total,,65
Indomie,Cup,6
Indomie,Pack,49
Indomie Total,,55
Koka,Bowl,7
Koka,Cup,13
Koka,Pack,34
Koka Total,,54
Ottogi,Bowl,8
Ottogi,Cup,7
Ottogi,Pack,33
Ottogi Total,,48
Maggi,Cup,4
Maggi,Pack,32
Maggi Total,,36
Vifon,Bowl,7
Vifon,Cup,3
Vifon,Pack,25
Vifon Total,,35
Vina Acecook,Bowl,4
Vina Acecook,Cup,1
Vina Acecook,Pack,28
Vina Acecook,Tray,1
Vina Acecook Total,,34
Lucky Me!,Bowl,10
Lucky Me!,Cup,1
Lucky Me!,Pack,23
Lucky Me! Total,,34
Sapporo Ichiban,Bowl,4
Sapporo Ichiban,Cup,9
Sapporo Ichiban,Pack,14
Sapporo Ichiban,Tray,3
Sapporo Ichiban Total,,30
Mamee,Cup,9
Mamee,Pack,20
Mamee Total,,29
MyKuali,Bowl,4
MyKuali,Box,3
MyKuali,Cup,3
MyKuali,Pack,19
MyKuali Total,,29
Master Kong,Bowl,5
Master Kong,Pack,22
Master Kong,Tray,1
Master Kong Total,,28
JML,Bowl,11
JML,Pack,14
JML,Tray,1
JML Total,,26
A-Sha Dry Noodle,Pack,23
A-Sha Dry Noodle,Tray,3
A-Sha Dry Noodle Total,,26
Ve Wong,Bowl,10
Ve Wong,Pack,16
Ve Wong Total,,26
Acecook,Bowl,9
Acecook,Cup,10
Acecook,Pack,2
Acecook,Tray,5
Acecook Total,,26
Wai Wai,Bowl,1
Wai Wai,Cup,2
Wai Wai,Pack,22
Wai Wai Total,,25
Wei Lih,Bowl,5
Wei Lih,Pack,16
Wei Lih Total,,21
Samyang,Bowl,3
Samyang,Cup,2
Samyang,Pack,14
Samyang Total,,19
Batchelors,Bowl,2
Batchelors,Pack,14
Batchelors Total,,16
Sau Tao,Bowl,5
Sau Tao,Pack,11
Sau Tao Total,,16
Doll,Cup,2
Doll,Pack,13
Doll,Tray,1
Doll Total,,16
Mr. Noodles,Bowl,6
Mr. Noodles,Cup,3
Mr. Noodles,Pack,7
Mr. Noodles Total,,16
Kamfen,Bowl,5
Kamfen,Pack,5
Kamfen,Tray,4
Kamfen,(blank),1
Kamfen Total,,15
Little Cook,Bowl,9
Little Cook,Cup,6
Little Cook Total,,15
Asian Thai Foods,Pack,14
Asian Thai Foods Total,,14
Takamori Kosan,Pack,14
Takamori Kosan Total,,14
Dragonfly,Bowl,7
Dragonfly,Pack,6
Dragonfly Total,,13
Vit's,Pack,13
Vit's Total,,13
Unif,Bowl,7
Unif,Pack,5
Unif,(blank),1
Unif Total,,13
Deshome,Pack,13
Deshome Total,,13
Yum Yum,Bowl,2
Yum Yum,Cup,1
Yum Yum,Pack,10
Yum Yum Total,,13
Saigon Ve Wong,Bowl,7
Saigon Ve Wong,Pack,6
Saigon Ve Wong Total,,13
Uni-President,Bowl,5
Uni-President,Cup,1
Uni-President,Pack,6
Uni-President Total,,12
Annie Chun's,Bowl,4
Annie Chun's,Pack,5
Annie Chun's,Tray,3
Annie Chun's Total,,12
Vedan,Bowl,5
Vedan,Cup,1
Vedan,Pack,6
Vedan Total,,12
Mi Sedaap,Cup,2
Mi Sedaap,Pack,10
Mi Sedaap Total,,12
Wu-Mu,Pack,12
Wu-Mu Total,,12
ABC,Cup,6
ABC,Pack,6
ABC Total,,12
Golden Wheat,Bowl,3
Golden Wheat,Cup,4
Golden Wheat,Pack,5
Golden Wheat Total,,12
Yamachan,Pack,11
Yamachan Total,,11
Unif / Tung-I,Pack,11
Unif / Tung-I Total,,11
Shirakiku,Bowl,3
Shirakiku,Pack,8
Shirakiku Total,,11
Pot Noodle,Cup,11
Pot Noodle Total,,11
Baijia,Bowl,1
Baijia,Cup,2
Baijia,Pack,8
Baijia Total,,11
New Touch,Bowl,7
New Touch,Cup,2
New Touch,Tray,1
New Touch Total,,10
Ibumie,Pack,10
Ibumie Total,,10
Thai Kitchen,Bowl,3
Thai Kitchen,Pack,5
Thai Kitchen,Tray,2
Thai Kitchen Total,,10
Wugudaochang,Bowl,4
Wugudaochang,Pack,6
Wugudaochang Total,,10
Ko-Lee,Cup,1
Ko-Lee,Pack,9
Ko-Lee Total,,10
Amianda,Pack,10
Amianda Total,,10
Sakurai Foods,Bowl,2
Sakurai Foods,Pack,8
Sakurai Foods Total,,10
Fuku,Bowl,2
Fuku,Pack,8
Fuku Total,,10
Sichuan Baijia,Bowl,3
Sichuan Baijia,Pack,7
Sichuan Baijia Total,,10
Mike's Mighty Good Craft Ramen,Cup,3
Mike's Mighty Good Craft Ramen,Pack,6
Mike's Mighty Good Craft Ramen Total,,9
Four Seas,Bowl,4
Four Seas,Pack,4
Four Seas Total,,8
Menraku,Bowl,8
Menraku Total,,8
Pulmuone,Pack,8
Pulmuone Total,,8
Chewy,Pack,6
Chewy,Tray,2
Chewy Total,,8
Daikoku,Bowl,4
Daikoku,Cup,3
Daikoku,Tray,1
Daikoku Total,,8
Nona Lim,Pack,8
Nona Lim Total,,8
Knorr,Cup,1
Knorr,Pack,7
Knorr Total,,8
Hao Way,Bowl,4
Hao Way,Pack,4
Hao Way Total,,8
Suimin,Cup,8
Suimin Total,,8
Jingqi,Pack,8
Jingqi Total,,8
Sunlee,Bowl,8
Sunlee Total,,8
SuperMi,Pack,8
SuperMi Total,,8
Marutai,Bowl,5
Marutai,Pack,3
Marutai Total,,8
Great Value,Cup,3
Great Value,Pack,4
Great Value Total,,7
Alhami,Pack,7
Alhami Total,,7
Sun Noodle,Pack,1
Sun Noodle,Tray,6
Sun Noodle Total,,7
Prima Taste,Pack,7
Prima Taste Total,,7
CarJEN,Pack,7
CarJEN Total,,7
GaGa,Cup,1
GaGa,Pack,6
GaGa Total,,7
Wang,Bowl,7
Wang Total,,7
Mee Jang,Bowl,7
Mee Jang Total,,7
Fujiwara,Pack,7
Fujiwara Total,,7
Wu Mu,Pack,7
Wu Mu Total,,7
Emart,Cup,3
Emart,Pack,4
Emart Total,,7
Koyo,Pack,7
Koyo Total,,7
Tseng Noodles,Pack,7
Tseng Noodles Total,,7
Sarimi,Pack,7
Sarimi Total,,7
Western Family,Cup,3
Western Family,Pack,3
Western Family Total,,6
Ruski,Pack,6
Ruski Total,,6
Rhee Bros Assi,Tray,6
Rhee Bros Assi Total,,6
Payless,Pack,6
Payless Total,,6
Mr. Noodle,Pack,6
Mr. Noodle Total,,6
Fantastic,Cup,6
Fantastic Total,,6
Maitri,Pack,6
Maitri Total,,6
Tasty Bite,Pack,6
Tasty Bite Total,,6
Unox,Pack,6
Unox Total,,6
Mr. Lee's Noodles,Cup,6
Mr. Lee's Noodles Total,,6
Super,Cup,6
Super Total,,6
Six Fortune,Pack,6
Six Fortune Total,,6
Mom's Dry Noodle,Pack,6
Mom's Dry Noodle Total,,6
MyOri,Pack,5
MyOri Total,,5
Snapdragon,Bowl,1
Snapdragon,Cup,4
Snapdragon Total,,5
Sainsbury's,Pack,5
Sainsbury's Total,,5
HoMyeonDang,Pack,5
HoMyeonDang Total,,5
Tradition,Cup,3
Tradition,Pack,2
Tradition Total,,5
Itomen,Bowl,2
Itomen,Pack,3
Itomen Total,,5
Yamamoto,Bowl,5
Yamamoto Total,,5
Itsuki,Bowl,1
Itsuki,Pack,4
Itsuki Total,,5
Fashion Foods,Bowl,5
Fashion Foods Total,,5
Kabuto Noodles,Cup,5
Kabuto Noodles Total,,5
Tablemark,Bowl,4
Tablemark,Pack,1
Tablemark Total,,5
Kang Shi Fu,Pack,5
Kang Shi Fu Total,,5
Conimex,Cup,3
Conimex,Pack,2
Conimex Total,,5
Little Couples Q Noodle,Pack,5
Little Couples Q Noodle Total,,5
Bamee,Cup,1
Bamee,Pack,4
Bamee Total,,5
Long Kow,Bowl,2
Long Kow,Cup,1
Long Kow,Pack,2
Long Kow Total,,5
Eat & Go,Cup,5
Eat & Go Total,,5
Love Cook,Pack,5
Love Cook Total,,5
Sakura Noodle,Pack,5
Sakura Noodle Total,,5
Chencun,Cup,5
Chencun Total,,5
Shan,Pack,5
Shan Total,,5
Chering Chang,Pack,5
Chering Chang Total,,5
Azami,Bowl,1
Azami,Cup,3
Azami,Pack,1
Azami Total,,5
Ching's Secret,Pack,5
Ching's Secret Total,,5
Baixiang Noodles,Pack,5
Baixiang Noodles Total,,5
Mi E-Zee,Pack,5
Mi E-Zee Total,,5
Urban Noodle,Cup,5
Urban Noodle Total,,5
Cintan,Pack,5
Cintan Total,,5
Quickchow,Cup,1
Quickchow,Pack,4
Quickchow Total,,5
Koh Thai,Pack,4
Koh Thai Total,,4
Tokyo Noodle,Pack,4
Tokyo Noodle Total,,4
Tesco,Cup,3
Tesco,Pack,1
Tesco Total,,4
Oni Hot Pot,Pack,4
Oni Hot Pot Total,,4
Goku-Uma,Bowl,4
Goku-Uma Total,,4
Oyatsu,Pack,4
Oyatsu Total,,4
Adabi,Pack,4
Adabi Total,,4
Pama,Cup,2
Pama,Pack,2
Pama Total,,4
Gefen,Cup,1
Gefen,Pack,3
Gefen Total,,4
Prima,Pack,4
Prima Total,,4
Trident,Pack,4
Trident Total,,4
Dream Kitchen,Bowl,1
Dream Kitchen,Cup,3
Dream Kitchen Total,,4
Fortune,Pack,4
Fortune Total,,4
GreeNoodle,Pack,4
GreeNoodle Total,,4
Super Bihun,Pack,4
Super Bihun Total,,4
Bonasia,Pack,4
Bonasia Total,,4
iMee,Pack,4
iMee Total,,4
Mama Pat's,Pack,4
Mama Pat's Total,,4
Thai Chef,Pack,4
Thai Chef Total,,4
Asia Gold,Pack,4
Asia Gold Total,,4
Tokushima Seifun,Bowl,2
Tokushima Seifun,Pack,2
Tokushima Seifun Total,,4
A-One,Cup,4
A-One Total,,4
Mr. Udon,Pack,4
Mr. Udon Total,,4
Sao Tao,Bowl,3
Sao Tao,Pack,1
Sao Tao Total,,4
TTL,Bowl,2
TTL,Pack,2
TTL Total,,4
Sawadee,Pack,4
Sawadee Total,,4
Sichuan Guangyou,Bowl,2
Sichuan Guangyou,Pack,2
Sichuan Guangyou Total,,4
Forest Noodles,Pack,4
Forest Noodles Total,,4
Meimen,Pack,3
Meimen Total,,3
Pirkka,Pack,3
Pirkka Total,,3
Singa-Me,Cup,3
Singa-Me Total,,3
IbuRamen,Tray,3
IbuRamen Total,,3
Han's South Korea,Tray,3
Han's South Korea Total,,3
Kuriki,Pack,3
Kuriki Total,,3
Kailo,Bowl,2
Kailo,Pack,1
Kailo Total,,3
Ohsung,Bowl,1
Ohsung,Pack,2
Ohsung Total,,3
Golden Mie,Pack,3
Golden Mie Total,,3
Paldo Vina,Pack,3
Paldo Vina Total,,3
Thai Smile,Bowl,3
Thai Smile Total,,3
Mikka,Pack,3
Mikka Total,,3
Sempio,Bowl,2
Sempio,Pack,1
Sempio Total,,3
Lotus Foods,Pack,3
Lotus Foods Total,,3
A1,Pack,3
A1 Total,,3
Amino,Pack,3
Amino Total,,3
Goku Uma,Bowl,3
Goku Uma Total,,3
Fashion Food,Bowl,3
Fashion Food Total,,3
United,Pack,3
United Total,,3
Thai Choice,Cup,3
Thai Choice Total,,3
Binh Tay,Pack,3
Binh Tay Total,,3
Campbell's,Cup,3
Campbell's Total,,3
Thai Pavilion,Tray,3
Thai Pavilion Total,,3
Wei Wei,Pack,3
Wei Wei Total,,3
Red Chef,Pack,3
Red Chef Total,,3
Xiao Ban Mian,Pack,3
Xiao Ban Mian Total,,3
E-Zee,Pack,3
E-Zee Total,,3
Happy Cook,Pack,3
Happy Cook Total,,3
Ripe'n'Dry,Pack,3
Ripe'n'Dry Total,,3
Pop Bihun,Pack,3
Pop Bihun Total,,3
J.J.,Pack,2
J.J. Total,,2
Tropicana Slim,Pack,2
Tropicana Slim Total,,2
Ten-In,Bowl,2
Ten-In Total,,2
CJ CheilJedang,Bowl,1
CJ CheilJedang,Cup,1
CJ CheilJedang Total,,2
Wei Chuan,Pack,2
Wei Chuan Total,,2
JFC,Bowl,2
JFC Total,,2
Sugakiya Foods,Bowl,1
Sugakiya Foods,Pack,1
Sugakiya Foods Total,,2
Mug Shot,Pack,2
Mug Shot Total,,2
iNoodle,Pack,2
iNoodle Total,,2
Nanyang Chef,Pack,2
Nanyang Chef Total,,2
Baltix,Pack,2
Baltix Total,,2
Blount,Bowl,2
Blount Total,,2
Yamamori,Pack,2
Yamamori Total,,2
No Name,Cup,2
No Name Total,,2
Lipton,Box,2
Lipton Total,,2
Noah Foods,Bowl,2
Noah Foods Total,,2
Liu Quan,Bowl,2
Liu Quan Total,,2
Bon Go Jang,Bowl,1
Bon Go Jang,Tray,1
Bon Go Jang Total,,2
Ikeda Shoku,Bowl,1
Ikeda Shoku,Tray,1
Ikeda Shoku Total,,2
Noodle Time,Bowl,1
Noodle Time,Cup,1
Noodle Time Total,,2
Tiger Tiger,Pack,2
Tiger Tiger Total,,2
Nyor Nyar,Pack,2
Nyor Nyar Total,,2
Unif-100,Pack,2
Unif-100 Total,,2
Ogasawara,Pack,2
Ogasawara Total,,2
Gookmul,Pack,2
Gookmul Total,,2
Just Way,Pack,2
Just Way Total,,2
World O' Noodle,Pack,2
World O' Noodle Total,,2
Happy Noodle,Box,1
Happy Noodle,Pack,1
Happy Noodle Total,,2
Healtimie,Pack,2
Healtimie Total,,2
Happy Family,Pack,2
Happy Family Total,,2
Foodmon,Bowl,2
Foodmon Total,,2
Aroi,Pack,2
Aroi Total,,2
Souper,Bowl,1
Souper,Pack,1
Souper Total,,2
Pran,Pack,2
Pran Total,,2
ICA,Pack,2
ICA Total,,2
Premiere,Pack,2
Premiere Total,,2
Gau Do,Pack,2
Gau Do Total,,2
Kenko Foods,Pack,2
Kenko Foods Total,,2
Long Jun Hang,Pack,2
Long Jun Hang Total,,2
E-mi,Pack,2
E-mi Total,,2
Hi-Myon,Pack,2
Hi-Myon Total,,2
Kiki Noodle,Pack,2
Kiki Noodle Total,,2
The Kitchen Food,Pack,2
The Kitchen Food Total,,2
Roland,Pack,2
Roland Total,,2
7 Select,Bowl,2
7 Select Total,,2
Royal Umbrella,Cup,2
Royal Umbrella Total,,2
Uncle Sun,Pack,2
Uncle Sun Total,,2
Kin-Dee,Tray,2
Kin-Dee Total,,2
Men-Sunaoshi,Pack,2
Men-Sunaoshi Total,,2
Saji,Pack,2
Saji Total,,2
Gomex,Pack,2
Gomex Total,,2
Hua Feng Noodle Expert,Pack,2
Hua Feng Noodle Expert Total,,2
Chuan Wei Wang,Bowl,2
Chuan Wei Wang Total,,2
Ah Lai,Pack,2
Ah Lai Total,,2
GS25,Pack,2
GS25 Total,,2
Salam Mie,Pack,2
Salam Mie Total,,2
Hankow,Pack,1
Hankow,Tray,1
Hankow Total,,2
Ajinatori,Pack,2
Ajinatori Total,,2
FMF,Pack,2
FMF Total,,2
La Fonte,Box,1
La Fonte,Pack,1
La Fonte Total,,2
Mie Sedaap,Cup,1
Mie Sedaap Total,,1
Island Foods,Box,1
Island Foods Total,,1
The Bridge,Pack,1
The Bridge Total,,1
Nakaya Shouten,Pack,1
Nakaya Shouten Total,,1
Village Vanguard,Pack,1
Village Vanguard Total,,1
Pringles,Can,1
Pringles Total,,1
ORee Garden,Bowl,1
ORee Garden Total,,1
Nan Hsing,Bowl,1
Nan Hsing Total,,1
Chikara,Pack,1
Chikara Total,,1
Q,Pack,1
Q Total,,1
Choumama,Pack,1
Choumama Total,,1
Qicaiyuan,Pack,1
Qicaiyuan Total,,1
Higashimaru,Pack,1
Higashimaru Total,,1
Qin Zong,Pack,1
Qin Zong Total,,1
Yumei,Bowl,1
Yumei Total,,1
Qinsheng,Pack,1
Qinsheng Total,,1
7 Select/Nissin,Cup,1
7 Select/Nissin Total,,1
Nan Jie Cun,Tray,1
Nan Jie Cun Total,,1
Tiger,Bowl,1
Tiger Total,,1
Kim Ve Wong,Bowl,1
Kim Ve Wong Total,,1
China Best,Pack,1
China Best Total,,1
Kim's Bowl,Bowl,1
Kim's Bowl Total,,1
Chorip Dong,Bowl,1
Chorip Dong Total,,1
Right Foods,Cup,1
Right Foods Total,,1
US Canning,Tray,1
US Canning Total,,1
Kimura,Pack,1
Kimura Total,,1
Mexi-Ramen,Pack,1
Mexi-Ramen Total,,1
Rocket Brand,Pack,1
Rocket Brand Total,,1
Nagatanien,Pack,1
Nagatanien Total,,1
Nanoblock,Pack,1
Nanoblock Total,,1
President Rice,Bowl,1
President Rice Total,,1
1 To 3 Noodles,Pack,1
1 To 3 Noodles Total,,1
Curry Prince,Pack,1
Curry Prince Total,,1
Daifuku,Bowl,1
Daifuku Total,,1
Osaka Ramen,Bowl,1
Osaka Ramen Total,,1
S&S,Pack,1
S&S Total,,1
Higashi,Pack,1
Higashi Total,,1
Sahmyook,Pack,1
Sahmyook Total,,1
The Ramen Rater Select,Box,1
The Ramen Rater Select Total,,1
Econsave,Pack,1
Econsave Total,,1
Tokachimen Koubou,Bowl,1
Tokachimen Koubou Total,,1
Boss,Bowl,1
Boss Total,,1
Ishimaru,Pack,1
Ishimaru Total,,1
New Way,Tray,1
New Way Total,,1
Tseng Noodle,Pack,1
Tseng Noodle Total,,1
Morre,Pack,1
Morre Total,,1
Patanjali,Pack,1
Patanjali Total,,1
Sakurai,Pack,1
Sakurai Total,,1
Unif Tung-I,Pack,1
Unif Tung-I Total,,1
No Brand,Pack,1
No Brand Total,,1
Unzen,Pack,1
Unzen Total,,1
Miliket,Pack,1
Miliket Total,,1
Golden Wonder,Cup,1
Golden Wonder Total,,1
Samurai Ramen,Pack,1
Samurai Ramen Total,,1
Plats Du Chef,Bowl,1
Plats Du Chef Total,,1
Cap Atoom Bulan,Pack,1
Cap Atoom Bulan Total,,1
Jinbo Selection,Pack,1
Jinbo Selection Total,,1
Farmer's Heart,Bowl,1
Farmer's Heart Total,,1
Guava Story,Tray,1
Guava Story Total,,1
Sanpo,Bowl,1
Sanpo Total,,1
Chuanbei,Tray,1
Chuanbei Total,,1
Sanrio,Bowl,1
Sanrio Total,,1
Banzai,Cup,1
Banzai Total,,1
Sanyo Foods,Bowl,1
Sanyo Foods Total,,1
Hokkaido Ramen Santouka,Restaurant,1
Hokkaido Ramen Santouka Total,,1
Komforte Chockolates,Bar,1
Komforte Chockolates Total,,1
Tao Kae Noi,Pack,1
Tao Kae Noi Total,,1
Jackpot Teriyaki,Pack,1
Jackpot Teriyaki Total,,1
Tayho,Bowl,1
Tayho Total,,1
Kumamoto,Pack,1
Kumamoto Total,,1
Teriyaki Time,Bowl,1
Teriyaki Time Total,,1
Daraz,Pack,1
Daraz Total,,1
Ichiran Ramen,Pack,1
Ichiran Ramen Total,,1
Crystal Noodle,Cup,1
Crystal Noodle Total,,1
Hosoonyi,Bowl,1
Hosoonyi Total,,1
Zow Zow,Pack,1
Zow Zow Total,,1
Dongwon,Bowl,1
Dongwon Total,,1
Miracle Noodle,Pack,1
Miracle Noodle Total,,1
Hsin Tung Yang,Pack,1
Hsin Tung Yang Total,,1
Seven-Eleven,Cup,1
Seven-Eleven Total,,1
Thien Houng Foods,Pack,1
Thien Houng Foods Total,,1
La Moderna,Pack,1
La Moderna Total,,1
Hua Feng,Pack,1
Hua Feng Total,,1
Mitoku,Pack,1
Mitoku Total,,1
Pamana,Cup,1
Pamana Total,,1
Lee Fah Mee,Pack,1
Lee Fah Mee Total,,1
Torishi,Pack,1
Torishi Total,,1
LeeZen,Pack,1
LeeZen Total,,1
TRDP,Pack,1
TRDP Total,,1
Lele,Pack,1
Lele Total,,1
Papa,Pack,1
Papa Total,,1
Liang Cheng Mai,Tray,1
Liang Cheng Mai Total,,1
GGE,Pack,1
GGE Total,,1
Smack,Pack,1
Smack Total,,1
Tung-I,Pack,1
Tung-I Total,,1
O Sung,Cup,1
O Sung Total,,1
Global Inspiration,Bowl,1
Global Inspiration Total,,1
Sokensha,Pack,1
Sokensha Total,,1
ChoripDong,Bowl,1
ChoripDong Total,,1
Song Hak,Bowl,1
Song Hak Total,,1
Dr. McDougall's,Cup,1
Dr. McDougall's Total,,1
Mum Ngon,Pack,1
Mum Ngon Total,,1
Isoyama Shoji,Pack,1
Isoyama Shoji Total,,1
Springlife,Pack,1
Springlife Total,,1
Ped Chef,Pack,1
Ped Chef Total,,1
Star Anise Foods,Pack,1
Star Anise Foods Total,,1
Peyang,Tray,1
Peyang Total,,1
My Friend,Bowl,1
My Friend Total,,1
Kaset,Cup,1
Kaset Total,,1
Authentically Asian,Bowl,1
Authentically Asian Total,,1
Good Tto Leu Foods,Bowl,1
Good Tto Leu Foods Total,,1
Fu Chang Chinese Noodle Company,Tray,1
Fu Chang Chinese Noodle Company Total,,1
Daddy,Pack,1
Daddy Total,,1
Sunfeast,Pack,1
Sunfeast Total,,1
Weh Lih,Pack,1
Weh Lih Total,,1
Fuji Mengyo,Bowl,1
Fuji Mengyo Total,,1
Nagao Noodle,Pack,1
Nagao Noodle Total,,1
Sunlight,Pack,1
Sunlight Total,,1
Westbrae,Pack,1
Westbrae Total,,1
Sunny Maid,Pack,1
Sunny Maid Total,,1
World O Noodle,Pack,1
World O Noodle Total,,1
Lishan,Pack,1
Lishan Total,,1
Haioreum,Bowl,1
Haioreum Total,,1
Lishan Food Manufacturing,Pack,1
Lishan Food Manufacturing Total,,1
President,Pack,1
President Total,,1
Chaudhary's Wai Wai,Pack,1
Chaudhary's Wai Wai Total,,1
Xiuhe,Bowl,1
Xiuhe Total,,1
Sura,Bowl,1
Sura Total,,1
Yamadai,Bowl,1
Yamadai Total,,1
Sutah,Cup,1
Sutah Total,,1
Migawon,Pack,1
Migawon Total,,1
Omachi,Pack,1
Omachi Total,,1
Yum-Mie,Pack,1
Yum-Mie Total,,1
Takamori,Pack,1
Takamori Total,,1
Katoz,Pack,1
Katoz Total,,1
One Dish Asia,Bowl,1
One Dish Asia Total,,1
Seven & I,Bowl,1
Seven & I Total,,1